ETF,Weight
MACSX,0.423027145306863
YACKX,0.2542061688803679
FLPSX,0.20077476825397778
IWM,0.12199191755879137
